{
  "text_embedding": {
    "mean_ms": 108.95642236107506,
    "p95_ms": 15.06697750019157,
    "separation": 0.20835942919203587
  },
  "image_clip": {
    "mean_ms": 561.1286612499953,
    "p95_ms": 1867.7427517498018,
    "separation": -0.07768785947180779
  },
  "video_clip": {
    "mean_ms": 1062.8050002503642,
    "p95_ms": 1224.7635459503726,
    "separation": 0
  },
  "cross_modal": {
    "accuracy": 0.8333333333333334
  }
}