{
  "text_embedding": {
    "mean_ms": 115.63573116666248,
    "p95_ms": 16.970007999407247,
    "separation": 0.20835942919203587
  },
  "image_clip": {
    "mean_ms": 216.47854449997794,
    "p95_ms": 480.840575749653,
    "separation": -0.07768785947180779
  },
  "video_clip": {
    "mean_ms": 917.5741449998895,
    "p95_ms": 942.8759935000016,
    "separation": 0
  },
  "cross_modal": {
    "accuracy": 0.8333333333333334
  }
}